Workbook

Sheet Encoder-Track2
A1: VoCodec Encoder — 100 Hz / 24-layer / RoPE / 1.5M cap
A2: Sampling rate (Hz) | B2: 24000 | D2: Computations only include MAC-bearing operations. The first STFT/ISTFT row has zero counted MACs but explicitly accounts for its persistent window and streaming overlap state. LayerNorm arithmetic is omitted, while each LayerNorm's scale and bias values are included in column L through the +2*$B$6 terms; +4*$B$6 includes two LayerNorms. Hover over those cells for the exact association. Activations, residual additions, dropout, softmax, and FFT arithmetic are omitted under the LRAC sheet convention. Overall Stride in B5 drives compute, field-of-view, and memory-bandwidth formulas. Channel dimensions are centralized in B6:B9, and bounded attention and RoPE settings are centralized in B10:B14. Bytes per value and runtime state read/write assumptions are centralized in B16:B18. The layer table references those cells. All totals derive only from visible formulas.
A3: STFT window / FFT size (samples) | B3: 720
A4: STFT hop (samples) | B4: 240
A5: Overall Stride (sampling rate / STFT hop) | B5: =B2/B4
A6: Model channels | B6: 112
A7: Encoder ConvNeXt expansion channels | B7: 128
A8: Attention QKV channels | B8: =3*B6
A9: Complex STFT feature channels | B9: =2*(B3/2+1)
A10: Attention context (frames, current included) | B10: 300
A11: Attention lookahead (frames) | B11: 0
A12: Attention heads | B12: 4
A13: Attention uses RoPE | B13: TRUE
A14: RoPE rotary dimensions / head | B14: 28
A15: Frame-hop buffering latency (ms) | B15: =$B$4/$B$2*1000
A16: Bytes per parameter/buffer value | B16: 2
A17: Runtime state reads per call | B17: 1
A18: Runtime state writes per call | B18: 1
A19: Layer Name | B19: Block ID | C19: # Blocks | D19: Operation | E19: Kernel / Context | F19: Dilation | G19: Input Channels | H19: Output Channels | I19: Groups / Heads | J19: MAC / Position / Block | K19: MMAC/s | L19: Trainable Params / Block | M19: Total Trainable Params | N19: FOV Left / Block | O19: FOV Right / Block | P19: Total FOV Left (ms) | Q19: Algorithmic Latency (ms) | R19: Parameter-Cap Values / Block | S19: Runtime State/Cache Accesses (R+W) / Call / Block | T19: Model-Params BW Total (MB/s) | U19: State/Cache BW Total (MB/s) | V19: Total BW (MB/s)
A20: STFT analysis window and overlap state | B20: STFT analysis | C20: 1 | D20: Persistent window and streaming state; FFT MACs excluded | E20: =$B$3 | F20: 1 | G20: 1 | H20: 1 | I20: 1 | J20: 0 | K20: =C20*$B$5*J20/10^6 | L20: 0 | M20: =C20*L20 | N20: =($B$3-$B$4)/2 | O20: =($B$3-$B$4)/2 | P20: =C20*N20/$B$2*1000 | Q20: =C20*O20/$B$2*1000 | R20: =$B$3 | S20: =$B$17*($B$3-$B$4)+$B$18*($B$3-$B$4) | T20: =C20*$B$5*$B$16*R20/10^6 | U20: =C20*$B$5*$B$16*S20/10^6 | V20: =SUM(T20:U20)
A21: STFT feature projection | B21: Encoder input | C21: 1 | D21: Conv1d / linear projection | E21: 1 | F21: 1 | G21: =$B$9 | H21: =$B$6 | I21: 1 | J21: =E21*G21*H21/I21 | K21: =C21*$B$5*J21/10^6 | L21: =J21+H21+2*$B$6 | M21: =C21*L21 | N21: 0 | O21: 0 | P21: =C21*N21/$B$5*1000 | Q21: =C21*O21/$B$5*1000 | R21: =L21 | S21: 0 | T21: =C21*$B$5*$B$16*R21/10^6 | U21: =C21*$B$5*$B$16*S21/10^6 | V21: =SUM(T21:U21)
A22: Depthwise convolution | B22: ConvNeXt blocks 1–6 | C22: 6 | D22: Causal Conv1d | E22: 7 | F22: 1 | G22: =$B$6 | H22: =$B$6 | I22: =$B$6 | J22: =E22*G22*H22/I22 | K22: =C22*$B$5*J22/10^6 | L22: =J22+H22+2*$B$6 | M22: =C22*L22 | N22: 6 | O22: 0 | P22: =C22*N22/$B$5*1000 | Q22: =C22*O22/$B$5*1000 | R22: =L22 | S22: =$B$17*(E22-1)*F22*G22+$B$18*(E22-1)*F22*G22 | T22: =C22*$B$5*$B$16*R22/10^6 | U22: =C22*$B$5*$B$16*S22/10^6 | V22: =SUM(T22:U22)
A23: Pointwise input projection | B23: ConvNeXt blocks 1–6 | C23: 6 | D23: Conv1d / linear projection | E23: 1 | F23: 1 | G23: =$B$6 | H23: =$B$7 | I23: 1 | J23: =E23*G23*H23/I23 | K23: =C23*$B$5*J23/10^6 | L23: =J23+H23+0 | M23: =C23*L23 | N23: 0 | O23: 0 | P23: =C23*N23/$B$5*1000 | Q23: =C23*O23/$B$5*1000 | R23: =L23 | S23: 0 | T23: =C23*$B$5*$B$16*R23/10^6 | U23: =C23*$B$5*$B$16*S23/10^6 | V23: =SUM(T23:U23)
A24: Pointwise output projection | B24: ConvNeXt blocks 1–6 | C24: 6 | D24: Conv1d / linear projection | E24: 1 | F24: 1 | G24: =$B$7 | H24: =$B$6 | I24: 1 | J24: =E24*G24*H24/I24 | K24: =C24*$B$5*J24/10^6 | L24: =J24+H24+0 | M24: =C24*L24 | N24: 0 | O24: 0 | P24: =C24*N24/$B$5*1000 | Q24: =C24*O24/$B$5*1000 | R24: =L24 | S24: 0 | T24: =C24*$B$5*$B$16*R24/10^6 | U24: =C24*$B$5*$B$16*S24/10^6 | V24: =SUM(T24:U24)
A25: Residual convolution 1 | B25: PosNet ResNet blocks 1–2 | C25: 2 | D25: Causal Conv1d | E25: 3 | F25: 1 | G25: =$B$6 | H25: =$B$6 | I25: 1 | J25: =E25*G25*H25/I25 | K25: =C25*$B$5*J25/10^6 | L25: =J25+H25+2*$B$6 | M25: =C25*L25 | N25: 2 | O25: 0 | P25: =C25*N25/$B$5*1000 | Q25: =C25*O25/$B$5*1000 | R25: =L25 | S25: =$B$17*(E25-1)*F25*G25+$B$18*(E25-1)*F25*G25 | T25: =C25*$B$5*$B$16*R25/10^6 | U25: =C25*$B$5*$B$16*S25/10^6 | V25: =SUM(T25:U25)
A26: Residual convolution 2 | B26: PosNet ResNet blocks 1–2 | C26: 2 | D26: Causal Conv1d | E26: 3 | F26: 1 | G26: =$B$6 | H26: =$B$6 | I26: 1 | J26: =E26*G26*H26/I26 | K26: =C26*$B$5*J26/10^6 | L26: =J26+H26+2*$B$6 | M26: =C26*L26 | N26: 2 | O26: 0 | P26: =C26*N26/$B$5*1000 | Q26: =C26*O26/$B$5*1000 | R26: =L26 | S26: =$B$17*(E26-1)*F26*G26+$B$18*(E26-1)*F26*G26 | T26: =C26*$B$5*$B$16*R26/10^6 | U26: =C26*$B$5*$B$16*S26/10^6 | V26: =SUM(T26:U26)
A27: QKV projection | B27: Bounded attention after PosNet block 2 | C27: 1 | D27: Conv1d / linear projection | E27: 1 | F27: 1 | G27: =$B$6 | H27: =$B$8 | I27: 1 | J27: =E27*G27*H27/I27 | K27: =C27*$B$5*J27/10^6 | L27: =J27+H27+2*$B$6 | M27: =C27*L27 | N27: 0 | O27: 0 | P27: =C27*N27/$B$5*1000 | Q27: =C27*O27/$B$5*1000 | R27: =L27 | S27: 0 | T27: =C27*$B$5*$B$16*R27/10^6 | U27: =C27*$B$5*$B$16*S27/10^6 | V27: =SUM(T27:U27)
A28: RoPE phase generation | B28: Bounded attention after PosNet block 2 | C28: 1 | D28: Position × derived inverse frequencies; sine/cosine arithmetic excluded | E28: =$B$14/2 | F28: 1 | G28: =$B$6 | H28: =$B$6 | I28: 1 | J28: =E28 | K28: =C28*$B$5*J28/10^6 | L28: 0 | M28: =C28*L28 | N28: 0 | O28: 0 | P28: =C28*N28/$B$5*1000 | Q28: =C28*O28/$B$5*1000 | R28: 0 | S28: =$B$17*($B$14/2) | T28: =C28*$B$5*$B$16*R28/10^6 | U28: =C28*$B$5*$B$16*S28/10^6 | V28: =SUM(T28:U28)
A29: RoPE query rotation | B29: Bounded attention after PosNet block 2 | C29: 1 | D29: Pairwise rotary transform of Q | E29: =$B$14 | F29: 1 | G29: =$B$6 | H29: =$B$6 | I29: =$B$12 | J29: =2*E29*I29 | K29: =C29*$B$5*J29/10^6 | L29: 0 | M29: =C29*L29 | N29: 0 | O29: 0 | P29: =C29*N29/$B$5*1000 | Q29: =C29*O29/$B$5*1000 | R29: 0 | S29: 0 | T29: =C29*$B$5*$B$16*R29/10^6 | U29: =C29*$B$5*$B$16*S29/10^6 | V29: =SUM(T29:U29)
A30: RoPE key rotation | B30: Bounded attention after PosNet block 2 | C30: 1 | D30: Pairwise rotary transform of K before cache use | E30: =$B$14 | F30: 1 | G30: =$B$6 | H30: =$B$6 | I30: =$B$12 | J30: =2*E30*I30 | K30: =C30*$B$5*J30/10^6 | L30: 0 | M30: =C30*L30 | N30: 0 | O30: 0 | P30: =C30*N30/$B$5*1000 | Q30: =C30*O30/$B$5*1000 | R30: 0 | S30: 0 | T30: =C30*$B$5*$B$16*R30/10^6 | U30: =C30*$B$5*$B$16*S30/10^6 | V30: =SUM(T30:U30)
A31: Query-key score product | B31: Bounded attention after PosNet block 2 | C31: 1 | D31: Q × Kᵀ (configured bounded context) | E31: =$B$10+$B$11 | F31: 1 | G31: =$B$6 | H31: =$B$6 | I31: =$B$12 | J31: =I31*E31*(G31/I31) | K31: =C31*$B$5*J31/10^6 | L31: 0 | M31: =C31*L31 | N31: =$B$10-1 | O31: =$B$11 | P31: =C31*N31/$B$5*1000 | Q31: =C31*O31/$B$5*1000 | R31: 0 | S31: =$B$17*($B$10-1+$B$11)*G31+$B$18*G31 | T31: =C31*$B$5*$B$16*R31/10^6 | U31: =C31*$B$5*$B$16*S31/10^6 | V31: =SUM(T31:U31)
A32: Attention-weighted value product | B32: Bounded attention after PosNet block 2 | C32: 1 | D32: softmax(QKᵀ) × V | E32: =$B$10+$B$11 | F32: 1 | G32: =$B$6 | H32: =$B$6 | I32: =$B$12 | J32: =I32*E32*(G32/I32) | K32: =C32*$B$5*J32/10^6 | L32: 0 | M32: =C32*L32 | N32: 0 | O32: 0 | P32: =C32*N32/$B$5*1000 | Q32: =C32*O32/$B$5*1000 | R32: 0 | S32: =$B$17*($B$10-1+$B$11)*G32+$B$18*G32 | T32: =C32*$B$5*$B$16*R32/10^6 | U32: =C32*$B$5*$B$16*S32/10^6 | V32: =SUM(T32:U32)
A33: Attention output projection | B33: Bounded attention after PosNet block 2 | C33: 1 | D33: Conv1d / linear projection | E33: 1 | F33: 1 | G33: =$B$6 | H33: =$B$6 | I33: 1 | J33: =E33*G33*H33/I33 | K33: =C33*$B$5*J33/10^6 | L33: =J33+H33+0 | M33: =C33*L33 | N33: 0 | O33: 0 | P33: =C33*N33/$B$5*1000 | Q33: =C33*O33/$B$5*1000 | R33: =L33 | S33: 0 | T33: =C33*$B$5*$B$16*R33/10^6 | U33: =C33*$B$5*$B$16*S33/10^6 | V33: =SUM(T33:U33)
A34: Residual convolution 1 | B34: PosNet ResNet blocks 3–4 | C34: 2 | D34: Causal Conv1d | E34: 3 | F34: 1 | G34: =$B$6 | H34: =$B$6 | I34: 1 | J34: =E34*G34*H34/I34 | K34: =C34*$B$5*J34/10^6 | L34: =J34+H34+2*$B$6 | M34: =C34*L34 | N34: 2 | O34: 0 | P34: =C34*N34/$B$5*1000 | Q34: =C34*O34/$B$5*1000 | R34: =L34 | S34: =$B$17*(E34-1)*F34*G34+$B$18*(E34-1)*F34*G34 | T34: =C34*$B$5*$B$16*R34/10^6 | U34: =C34*$B$5*$B$16*S34/10^6 | V34: =SUM(T34:U34)
A35: Residual convolution 2 | B35: PosNet ResNet blocks 3–4 | C35: 2 | D35: Causal Conv1d | E35: 3 | F35: 1 | G35: =$B$6 | H35: =$B$6 | I35: 1 | J35: =E35*G35*H35/I35 | K35: =C35*$B$5*J35/10^6 | L35: =J35+H35+2*$B$6 | M35: =C35*L35 | N35: 2 | O35: 0 | P35: =C35*N35/$B$5*1000 | Q35: =C35*O35/$B$5*1000 | R35: =L35 | S35: =$B$17*(E35-1)*F35*G35+$B$18*(E35-1)*F35*G35 | T35: =C35*$B$5*$B$16*R35/10^6 | U35: =C35*$B$5*$B$16*S35/10^6 | V35: =SUM(T35:U35)
A36: Latent projection | B36: Encoder output | C36: 1 | D36: Causal Conv1d | E36: 3 | F36: 1 | G36: =$B$6 | H36: =$B$6 | I36: 1 | J36: =E36*G36*H36/I36 | K36: =C36*$B$5*J36/10^6 | L36: =J36+H36+2*$B$6 | M36: =C36*L36 | N36: 2 | O36: 0 | P36: =C36*N36/$B$5*1000 | Q36: =C36*O36/$B$5*1000 | R36: =L36 | S36: =$B$17*(E36-1)*F36*G36+$B$18*(E36-1)*F36*G36 | T36: =C36*$B$5*$B$16*R36/10^6 | U36: =C36*$B$5*$B$16*S36/10^6 | V36: =SUM(T36:U36)
A37: Formula-based total | K37: =SUM(K20:K36) | M37: =SUM(M20:M36) | P37: =SUM(P20:P36) | Q37: =SUM(Q20:Q36) | R37: =SUMPRODUCT(C20:C36,R20:R36) | T37: =SUM(T20:T36) | U37: =SUM(U20:U36) | V37: =SUM(T37:U37)
A38: Total compute (MFLOPS) | K38: =K37*2
A40: Memory bandwidth uses the bytes-per-value setting in B16 and includes model parameters, model buffers, convolution state, and attention KV-cache. Parameter-cap values include trainable parameters and non-runtime model buffers required for inference. Runtime state/cache is excluded from the parameter cap, but its read/write traffic is included in memory bandwidth. Intermediate activations are excluded by the challenge convention. Attention MACs assume that the configured context buffer is fully populated; startup frames require less compute. FOV left is history, not latency; only FOV right contributes to algorithmic latency. STFT/ISTFT frames use centred hop alignment and have (FFT size - hop) / 2 samples of left and right context. Their overlap state remains FFT size - hop samples. Window and overlap-state bandwidth is shown explicitly in the first table row; FFT arithmetic is excluded.

Sheet VQ-Transmit-Track2
A1: VoCodec DAC-Style RVQ Transmit — 100 Hz / 24-layer / RoPE / 1.5M cap
A3: Embedding Dimension | B3: Projection Dimension | C3: Codebook Size | D3: Layers | E3: Frame Rate | F3: MMAC/s Input Projections | G3: MMAC/s Distance | H3: MMAC/s Output Projections | I3: Total Compute (MFLOPS) | J3: Parameters (biases and weight norm excluded) | K3: Unique VQ Trainable Parameters | L3: Maximum Native Bitrate (kbps) | M3: Latency (ms) | N3: Input Projection Values / Layer | O3: Output Projection Values / Layer | P3: Codebook Values / Layer | Q3: Input Projection BW / Layer (MB/s) | R3: Output Projection BW / Layer (MB/s) | S3: Codebook Scan BW / Layer (MB/s) | T3: Total BW / Layer (MB/s) | U3: All Active Layers BW (MB/s)
A4: ='Encoder-Track2'!$B$6 | B4: 8 | C4: 1024 | D4: 24 | E4: ='Encoder-Track2'!$B$5 | F4: =A4*B4*D4*E4/10^6 | G4: =B4*C4*D4*E4/10^6 | H4: =B4*A4*D4*E4/10^6 | I4: =SUM(F4:H4)*2 | J4: =D4*(C4*B4+A4*B4+B4*A4) | K4: =D4*(N4+O4+P4) | L4: =LOG(C4,2)*D4*E4/1000 | M4: 0 | N4: =A4*B4+2*B4 | O4: =B4*A4+2*A4 | P4: =B4*C4 | Q4: =E4*'Encoder-Track2'!$B$16*N4/10^6 | R4: =E4*'Encoder-Track2'!$B$16*O4/10^6 | S4: =E4*'Encoder-Track2'!$B$16*P4/10^6 | T4: =SUM(Q4:S4) | U4: =T4*D4
A7: The Track 2 baseline uses one factorized DAC RVQ: the low-dimensional codebooks and output projections are shared logical parameters and are counted once, while their transmit- and receive-side accesses are counted separately. An alternative deployment may keep the low-dimensional transmit codebooks and materialize separate receive codebooks containing the output-projected vectors. That alternative removes receive output-projection compute and parameter-read bandwidth. Under this sheet's MAC convention, receive VQ compute then becomes zero; receive VQ bandwidth becomes Frame Rate x Bytes per Value x RVQ Layers x Model Dimension, and the parameter cap gains RVQ Layers x Codebook Size x Model Dimension values for the materialized receive codebooks. Transmit accounting is unchanged. Those alternative values are not included here. This design natively supports 1, 6, 12, 24 kbps. A request above 24 kbps, including 32 kbps, is clamped to all 24 layers and produces the same output as 24 kbps.

Sheet VQ-Receive-Track2
A1: VoCodec DAC-Style RVQ Receive — 100 Hz / 24-layer / RoPE / 1.5M cap
A3: Embedding Dimension | B3: Projection Dimension | C3: Codebook Size | D3: Active Layers at Maximum Bitrate | E3: Frame Rate | F3: MMAC/s Output Projections | G3: Total Compute (MFLOPS) | H3: Shared VQ Parameters (counted on transmit tab) | I3: Additional Unique Parameters | J3: Latency (ms) | K3: Selected Embedding Values / Layer | L3: Output Projection Values / Layer | M3: Selected Embedding BW / Layer (MB/s) | N3: Output Projection BW / Layer (MB/s) | O3: Total BW / Layer (MB/s) | P3: All Active Layers BW (MB/s)
A4: ='VQ-Transmit-Track2'!A4 | B4: ='VQ-Transmit-Track2'!B4 | C4: ='VQ-Transmit-Track2'!C4 | D4: ='VQ-Transmit-Track2'!D4 | E4: ='VQ-Transmit-Track2'!E4 | F4: =A4*B4*D4*E4/10^6 | G4: =F4*2 | H4: ='VQ-Transmit-Track2'!K4 | I4: 0 | J4: 0 | K4: =B4 | L4: ='VQ-Transmit-Track2'!O4 | M4: =E4*'Encoder-Track2'!$B$16*K4/10^6 | N4: =E4*'Encoder-Track2'!$B$16*L4/10^6 | O4: =SUM(M4:N4) | P4: =O4*D4
A7: The Track 2 baseline uses one factorized DAC RVQ: the low-dimensional codebooks and output projections are shared logical parameters and are counted once, while their transmit- and receive-side accesses are counted separately. An alternative deployment may keep the low-dimensional transmit codebooks and materialize separate receive codebooks containing the output-projected vectors. That alternative removes receive output-projection compute and parameter-read bandwidth. Under this sheet's MAC convention, receive VQ compute then becomes zero; receive VQ bandwidth becomes Frame Rate x Bytes per Value x RVQ Layers x Model Dimension, and the parameter cap gains RVQ Layers x Codebook Size x Model Dimension values for the materialized receive codebooks. Transmit accounting is unchanged. Those alternative values are not included here. This design natively supports 1, 6, 12, 24 kbps. A request above 24 kbps, including 32 kbps, is clamped to all 24 layers and produces the same output as 24 kbps.

Sheet Decoder-Track2
A1: VoCodec Decoder — 100 Hz / 24-layer / RoPE / 1.5M cap
A2: Sampling rate (Hz) | B2: ='Encoder-Track2'!$B$2 | D2: Computations only include MAC-bearing operations. The first STFT/ISTFT row has zero counted MACs but explicitly accounts for its persistent window and streaming overlap state. LayerNorm arithmetic is omitted, while each LayerNorm's scale and bias values are included in column L through the +2*$B$6 terms; +4*$B$6 includes two LayerNorms. Hover over those cells for the exact association. Activations, residual additions, dropout, softmax, and FFT arithmetic are omitted under the LRAC sheet convention. Overall Stride in B5 drives compute, field-of-view, and memory-bandwidth formulas. Channel dimensions are centralized in B6:B9, and bounded attention and RoPE settings are centralized in B10:B14. Bytes per value and runtime state read/write assumptions are centralized in B16:B18. The layer table references those cells. All totals derive only from visible formulas.
A3: STFT window / FFT size (samples) | B3: ='Encoder-Track2'!$B$3
A4: STFT hop (samples) | B4: ='Encoder-Track2'!$B$4
A5: Overall Stride (sampling rate / STFT hop) | B5: =B2/B4
A6: Model channels | B6: ='Encoder-Track2'!$B$6
A7: Decoder ConvNeXt expansion channels | B7: 128
A8: Attention QKV channels | B8: =3*B6
A9: Complex STFT feature channels | B9: ='Encoder-Track2'!$B$9
A10: Attention context (frames, current included) | B10: ='Encoder-Track2'!$B$10
A11: Attention lookahead (frames) | B11: ='Encoder-Track2'!$B$11
A12: Attention heads | B12: ='Encoder-Track2'!$B$12
A13: Attention uses RoPE | B13: ='Encoder-Track2'!$B$13
A14: RoPE rotary dimensions / head | B14: ='Encoder-Track2'!$B$14
A15: ISTFT synthesis lookahead (ms) | B15: =(($B$3-$B$4)/2)/$B$2*1000
A16: Bytes per parameter/buffer value | B16: ='Encoder-Track2'!$B$16
A17: Runtime state reads per call | B17: ='Encoder-Track2'!$B$17
A18: Runtime state writes per call | B18: ='Encoder-Track2'!$B$18
A19: Layer Name | B19: Block ID | C19: # Blocks | D19: Operation | E19: Kernel / Context | F19: Dilation | G19: Input Channels | H19: Output Channels | I19: Groups / Heads | J19: MAC / Position / Block | K19: MMAC/s | L19: Trainable Params / Block | M19: Total Trainable Params | N19: FOV Left / Block | O19: FOV Right / Block | P19: Total FOV Left (ms) | Q19: Algorithmic Latency (ms) | R19: Parameter-Cap Values / Block | S19: Runtime State/Cache Accesses (R+W) / Call / Block | T19: Model-Params BW Total (MB/s) | U19: State/Cache BW Total (MB/s) | V19: Total BW (MB/s)
A20: ISTFT synthesis window and overlap state | B20: ISTFT synthesis | C20: 1 | D20: Persistent window and streaming state; FFT MACs excluded | E20: =$B$3 | F20: 1 | G20: 1 | H20: 1 | I20: 1 | J20: 0 | K20: =C20*$B$5*J20/10^6 | L20: 0 | M20: =C20*L20 | N20: =($B$3-$B$4)/2 | O20: =($B$3-$B$4)/2 | P20: =C20*N20/$B$2*1000 | Q20: =C20*O20/$B$2*1000 | R20: =$B$3 | S20: =$B$17*($B$3-$B$4)+$B$18*($B$3-$B$4) | T20: =C20*$B$5*$B$16*R20/10^6 | U20: =C20*$B$5*$B$16*S20/10^6 | V20: =SUM(T20:U20)
A21: Latent projection | B21: Decoder input | C21: 1 | D21: Causal Conv1d | E21: 3 | F21: 1 | G21: =$B$6 | H21: =$B$6 | I21: 1 | J21: =E21*G21*H21/I21 | K21: =C21*$B$5*J21/10^6 | L21: =J21+H21+0 | M21: =C21*L21 | N21: 2 | O21: 0 | P21: =C21*N21/$B$5*1000 | Q21: =C21*O21/$B$5*1000 | R21: =L21 | S21: =$B$17*(E21-1)*F21*G21+$B$18*(E21-1)*F21*G21 | T21: =C21*$B$5*$B$16*R21/10^6 | U21: =C21*$B$5*$B$16*S21/10^6 | V21: =SUM(T21:U21)
A22: Residual convolution 1 | B22: PosNet ResNet blocks 1–2 | C22: 2 | D22: Causal Conv1d | E22: 3 | F22: 1 | G22: =$B$6 | H22: =$B$6 | I22: 1 | J22: =E22*G22*H22/I22 | K22: =C22*$B$5*J22/10^6 | L22: =J22+H22+2*$B$6 | M22: =C22*L22 | N22: 2 | O22: 0 | P22: =C22*N22/$B$5*1000 | Q22: =C22*O22/$B$5*1000 | R22: =L22 | S22: =$B$17*(E22-1)*F22*G22+$B$18*(E22-1)*F22*G22 | T22: =C22*$B$5*$B$16*R22/10^6 | U22: =C22*$B$5*$B$16*S22/10^6 | V22: =SUM(T22:U22)
A23: Residual convolution 2 | B23: PosNet ResNet blocks 1–2 | C23: 2 | D23: Causal Conv1d | E23: 3 | F23: 1 | G23: =$B$6 | H23: =$B$6 | I23: 1 | J23: =E23*G23*H23/I23 | K23: =C23*$B$5*J23/10^6 | L23: =J23+H23+2*$B$6 | M23: =C23*L23 | N23: 2 | O23: 0 | P23: =C23*N23/$B$5*1000 | Q23: =C23*O23/$B$5*1000 | R23: =L23 | S23: =$B$17*(E23-1)*F23*G23+$B$18*(E23-1)*F23*G23 | T23: =C23*$B$5*$B$16*R23/10^6 | U23: =C23*$B$5*$B$16*S23/10^6 | V23: =SUM(T23:U23)
A24: QKV projection | B24: Bounded attention after PosNet block 2 | C24: 1 | D24: Conv1d / linear projection | E24: 1 | F24: 1 | G24: =$B$6 | H24: =$B$8 | I24: 1 | J24: =E24*G24*H24/I24 | K24: =C24*$B$5*J24/10^6 | L24: =J24+H24+2*$B$6 | M24: =C24*L24 | N24: 0 | O24: 0 | P24: =C24*N24/$B$5*1000 | Q24: =C24*O24/$B$5*1000 | R24: =L24 | S24: 0 | T24: =C24*$B$5*$B$16*R24/10^6 | U24: =C24*$B$5*$B$16*S24/10^6 | V24: =SUM(T24:U24)
A25: RoPE phase generation | B25: Bounded attention after PosNet block 2 | C25: 1 | D25: Position × derived inverse frequencies; sine/cosine arithmetic excluded | E25: =$B$14/2 | F25: 1 | G25: =$B$6 | H25: =$B$6 | I25: 1 | J25: =E25 | K25: =C25*$B$5*J25/10^6 | L25: 0 | M25: =C25*L25 | N25: 0 | O25: 0 | P25: =C25*N25/$B$5*1000 | Q25: =C25*O25/$B$5*1000 | R25: 0 | S25: =$B$17*($B$14/2) | T25: =C25*$B$5*$B$16*R25/10^6 | U25: =C25*$B$5*$B$16*S25/10^6 | V25: =SUM(T25:U25)
A26: RoPE query rotation | B26: Bounded attention after PosNet block 2 | C26: 1 | D26: Pairwise rotary transform of Q | E26: =$B$14 | F26: 1 | G26: =$B$6 | H26: =$B$6 | I26: =$B$12 | J26: =2*E26*I26 | K26: =C26*$B$5*J26/10^6 | L26: 0 | M26: =C26*L26 | N26: 0 | O26: 0 | P26: =C26*N26/$B$5*1000 | Q26: =C26*O26/$B$5*1000 | R26: 0 | S26: 0 | T26: =C26*$B$5*$B$16*R26/10^6 | U26: =C26*$B$5*$B$16*S26/10^6 | V26: =SUM(T26:U26)
A27: RoPE key rotation | B27: Bounded attention after PosNet block 2 | C27: 1 | D27: Pairwise rotary transform of K before cache use | E27: =$B$14 | F27: 1 | G27: =$B$6 | H27: =$B$6 | I27: =$B$12 | J27: =2*E27*I27 | K27: =C27*$B$5*J27/10^6 | L27: 0 | M27: =C27*L27 | N27: 0 | O27: 0 | P27: =C27*N27/$B$5*1000 | Q27: =C27*O27/$B$5*1000 | R27: 0 | S27: 0 | T27: =C27*$B$5*$B$16*R27/10^6 | U27: =C27*$B$5*$B$16*S27/10^6 | V27: =SUM(T27:U27)
A28: Query-key score product | B28: Bounded attention after PosNet block 2 | C28: 1 | D28: Q × Kᵀ (configured bounded context) | E28: =$B$10+$B$11 | F28: 1 | G28: =$B$6 | H28: =$B$6 | I28: =$B$12 | J28: =I28*E28*(G28/I28) | K28: =C28*$B$5*J28/10^6 | L28: 0 | M28: =C28*L28 | N28: =$B$10-1 | O28: =$B$11 | P28: =C28*N28/$B$5*1000 | Q28: =C28*O28/$B$5*1000 | R28: 0 | S28: =$B$17*($B$10-1+$B$11)*G28+$B$18*G28 | T28: =C28*$B$5*$B$16*R28/10^6 | U28: =C28*$B$5*$B$16*S28/10^6 | V28: =SUM(T28:U28)
A29: Attention-weighted value product | B29: Bounded attention after PosNet block 2 | C29: 1 | D29: softmax(QKᵀ) × V | E29: =$B$10+$B$11 | F29: 1 | G29: =$B$6 | H29: =$B$6 | I29: =$B$12 | J29: =I29*E29*(G29/I29) | K29: =C29*$B$5*J29/10^6 | L29: 0 | M29: =C29*L29 | N29: 0 | O29: 0 | P29: =C29*N29/$B$5*1000 | Q29: =C29*O29/$B$5*1000 | R29: 0 | S29: =$B$17*($B$10-1+$B$11)*G29+$B$18*G29 | T29: =C29*$B$5*$B$16*R29/10^6 | U29: =C29*$B$5*$B$16*S29/10^6 | V29: =SUM(T29:U29)
A30: Attention output projection | B30: Bounded attention after PosNet block 2 | C30: 1 | D30: Conv1d / linear projection | E30: 1 | F30: 1 | G30: =$B$6 | H30: =$B$6 | I30: 1 | J30: =E30*G30*H30/I30 | K30: =C30*$B$5*J30/10^6 | L30: =J30+H30+0 | M30: =C30*L30 | N30: 0 | O30: 0 | P30: =C30*N30/$B$5*1000 | Q30: =C30*O30/$B$5*1000 | R30: =L30 | S30: 0 | T30: =C30*$B$5*$B$16*R30/10^6 | U30: =C30*$B$5*$B$16*S30/10^6 | V30: =SUM(T30:U30)
A31: Residual convolution 1 | B31: PosNet ResNet blocks 3–4 | C31: 2 | D31: Causal Conv1d | E31: 3 | F31: 1 | G31: =$B$6 | H31: =$B$6 | I31: 2 | J31: =E31*G31*H31/I31 | K31: =C31*$B$5*J31/10^6 | L31: =J31+H31+2*$B$6 | M31: =C31*L31 | N31: 2 | O31: 0 | P31: =C31*N31/$B$5*1000 | Q31: =C31*O31/$B$5*1000 | R31: =L31 | S31: =$B$17*(E31-1)*F31*G31+$B$18*(E31-1)*F31*G31 | T31: =C31*$B$5*$B$16*R31/10^6 | U31: =C31*$B$5*$B$16*S31/10^6 | V31: =SUM(T31:U31)
A32: Residual convolution 2 | B32: PosNet ResNet blocks 3–4 | C32: 2 | D32: Causal Conv1d | E32: 3 | F32: 1 | G32: =$B$6 | H32: =$B$6 | I32: 2 | J32: =E32*G32*H32/I32 | K32: =C32*$B$5*J32/10^6 | L32: =J32+H32+2*$B$6 | M32: =C32*L32 | N32: 2 | O32: 0 | P32: =C32*N32/$B$5*1000 | Q32: =C32*O32/$B$5*1000 | R32: =L32 | S32: =$B$17*(E32-1)*F32*G32+$B$18*(E32-1)*F32*G32 | T32: =C32*$B$5*$B$16*R32/10^6 | U32: =C32*$B$5*$B$16*S32/10^6 | V32: =SUM(T32:U32)
A33: Depthwise convolution | B33: ConvNeXt blocks 1–6 | C33: 6 | D33: Causal Conv1d | E33: 7 | F33: 1 | G33: =$B$6 | H33: =$B$6 | I33: =$B$6 | J33: =E33*G33*H33/I33 | K33: =C33*$B$5*J33/10^6 | L33: =J33+H33+2*$B$6 | M33: =C33*L33 | N33: 6 | O33: 0 | P33: =C33*N33/$B$5*1000 | Q33: =C33*O33/$B$5*1000 | R33: =L33 | S33: =$B$17*(E33-1)*F33*G33+$B$18*(E33-1)*F33*G33 | T33: =C33*$B$5*$B$16*R33/10^6 | U33: =C33*$B$5*$B$16*S33/10^6 | V33: =SUM(T33:U33)
A34: Pointwise input projection | B34: ConvNeXt blocks 1–6 | C34: 6 | D34: Conv1d / linear projection | E34: 1 | F34: 1 | G34: =$B$6 | H34: =$B$7 | I34: 1 | J34: =E34*G34*H34/I34 | K34: =C34*$B$5*J34/10^6 | L34: =J34+H34+0 | M34: =C34*L34 | N34: 0 | O34: 0 | P34: =C34*N34/$B$5*1000 | Q34: =C34*O34/$B$5*1000 | R34: =L34 | S34: 0 | T34: =C34*$B$5*$B$16*R34/10^6 | U34: =C34*$B$5*$B$16*S34/10^6 | V34: =SUM(T34:U34)
A35: Pointwise output projection | B35: ConvNeXt blocks 1–6 | C35: 6 | D35: Conv1d / linear projection | E35: 1 | F35: 1 | G35: =$B$7 | H35: =$B$6 | I35: 1 | J35: =E35*G35*H35/I35 | K35: =C35*$B$5*J35/10^6 | L35: =J35+H35+0 | M35: =C35*L35 | N35: 0 | O35: 0 | P35: =C35*N35/$B$5*1000 | Q35: =C35*O35/$B$5*1000 | R35: =L35 | S35: 0 | T35: =C35*$B$5*$B$16*R35/10^6 | U35: =C35*$B$5*$B$16*S35/10^6 | V35: =SUM(T35:U35)
A36: Complex-spectrum output projection | B36: Decoder output | C36: 1 | D36: Conv1d / linear projection | E36: 1 | F36: 1 | G36: =$B$6 | H36: =$B$9 | I36: 1 | J36: =E36*G36*H36/I36 | K36: =C36*$B$5*J36/10^6 | L36: =J36+H36+4*$B$6 | M36: =C36*L36 | N36: 0 | O36: 0 | P36: =C36*N36/$B$5*1000 | Q36: =C36*O36/$B$5*1000 | R36: =L36 | S36: 0 | T36: =C36*$B$5*$B$16*R36/10^6 | U36: =C36*$B$5*$B$16*S36/10^6 | V36: =SUM(T36:U36)
A37: Formula-based total | K37: =SUM(K20:K36) | M37: =SUM(M20:M36) | P37: =SUM(P20:P36) | Q37: =SUM(Q20:Q36) | R37: =SUMPRODUCT(C20:C36,R20:R36) | T37: =SUM(T20:T36) | U37: =SUM(U20:U36) | V37: =SUM(T37:U37)
A38: Total compute (MFLOPS) | K38: =K37*2
A40: Memory bandwidth uses the bytes-per-value setting in B16 and includes model parameters, model buffers, convolution state, and attention KV-cache. Parameter-cap values include trainable parameters and non-runtime model buffers required for inference. Runtime state/cache is excluded from the parameter cap, but its read/write traffic is included in memory bandwidth. Intermediate activations are excluded by the challenge convention. Attention MACs assume that the configured context buffer is fully populated; startup frames require less compute. FOV left is history, not latency; only FOV right contributes to algorithmic latency. STFT/ISTFT frames use centred hop alignment and have (FFT size - hop) / 2 samples of left and right context. Their overlap state remains FFT size - hop samples. Window and overlap-state bandwidth is shown explicitly in the first table row; FFT arithmetic is excluded.

Sheet Summary-Track2
A1: VoCodec LRAC 2 Track 2 Summary — 100 Hz / 24-layer / RoPE / 1.5M cap
A3: Measurement | B3: Model | C3: Budget | D3: Margin | E3: Status
A4: Transmit compute (MFLOPS) | B4: ='Encoder-Track2'!K37*2+'VQ-Transmit-Track2'!I4 | C4: 400 | D4: =C4-B4 | E4: =IF(B4<=C4,"PASS","OVER BUDGET")
A5: Receive compute (MFLOPS) | B5: ='VQ-Receive-Track2'!G4+'Decoder-Track2'!K37*2 | C5: 300 | D5: =C5-B5 | E5: =IF(B5<=C5,"PASS","OVER BUDGET")
A6: Buffering latency (ms) | B6: ='Encoder-Track2'!$B$15
A7: Algorithmic latency (ms) | B7: ='Encoder-Track2'!Q37+'Decoder-Track2'!Q37
A8: Total latency (ms) | B8: =SUM(B6:B7) | C8: 30 | D8: =C8-B8 | E8: =IF(B8<=C8,"PASS","OVER BUDGET")
A9: Maximum native bitrate (kbps) | B9: ='VQ-Transmit-Track2'!L4
A10: Generator trainable parameters | B10: ='Encoder-Track2'!M37+'VQ-Transmit-Track2'!K4+'Decoder-Track2'!M37
A11: Parameter-cap values (parameters + model buffers) | B11: ='Encoder-Track2'!R37+'VQ-Transmit-Track2'!K4+'Decoder-Track2'!R37 | C11: 1500000 | D11: =C11-B11 | E11: =IF(B11<=C11,"PASS","OVER BUDGET")
A13: MEMORY BANDWIDTH AT MAXIMUM BITRATE
A14: Encoder memory bandwidth (MB/s) | B14: ='Encoder-Track2'!V37
A15: RVQ transmit memory bandwidth (MB/s) | B15: ='VQ-Transmit-Track2'!U4
A16: RVQ receive memory bandwidth (MB/s) | B16: ='VQ-Receive-Track2'!P4
A17: Decoder memory bandwidth (MB/s) | B17: ='Decoder-Track2'!V37
A18: Total codec memory bandwidth (MB/s) | B18: =SUM(B14:B17)
A19: Penalty maximum P_max | B19: 15
A20: Bandwidth penalty P(B) | B20: =IF(B18<=50,0,IF(B18>=1000,$B$19,$B$19*LN(B18/50)/LN(1000/50)))
A23: The 100 Hz / 24-layer / RoPE / 1.5M cap design meets the transmitter compute, receiver compute, and total-latency Track 2 limits. It also meets the parameter-cap value limit. Memory bandwidth includes encoder, maximum-native-rate RVQ transmit and receive paths, and decoder. Requests above 24 kbps are clamped to the maximum native RVQ prefix.
